Keyword,Position,Previous position,Search Volume,Keyword Difficulty,CPC,URL,Traffic,Traffic (%),Traffic Cost,Competition,Number of Results,Trends,Timestamp,SERP Features by Keyword,Keyword Intents,Position Type
hot tub won't heat past 95,2,2,110,14,0.00,https://thewaterhobby.com/hot-tub-wont-heat/,14,12.17,0.00,0.06,54900000,"[33,23,23,42,66,52,52,100,80,80,52,42]",2023-08-01,"Sitelinks, Reviews, Featured snippet, People also ask, Indented, Related searches",informational,Organic
pentair screenlogic not connecting locally,1,1,50,12,1.44,https://thewaterhobby.com/pentair-screenlogic-will-not-connect-locally-remotely/,12,10.43,17.00,0.05,40,"[33,33,9,9,19,23,9,19,19,33,52,66]",2023-08-14,"Sitelinks, Video Carousel, People also ask, Indented, Related searches",informational,Organic
pentair screenlogic app not connecting,1,1,50,9,0.00,https://thewaterhobby.com/pentair-screenlogic-will-not-connect-locally-remotely/,12,10.43,0.00,0,63,"[28,64,35,14,50,28,35,50,50,14,64,50]",2023-08-15,"Sitelinks, Reviews, Video Carousel, People also ask, Indented, Related searches",informational,Organic
mustard algae or sand,2,2,320,24,0.00,https://thewaterhobby.com/mustard-algae-or-sand-heres-how-to-know/,11,9.56,0.00,1,1430000,"[55,45,20,6,1,1,1,3,5,20,67,100]",2023-08-14,"Sitelinks, Reviews, Featured snippet, Ads bottom, Video Carousel, People also ask, Indented, Related searches",informational,Organic
hot tub won t heat past 95,1,1,40,5,0.00,https://thewaterhobby.com/hot-tub-wont-heat/,9,7.82,0.00,0.06,32200000,"[33,33,19,33,42,42,9,9,0,4,0,0]",2023-07-27,"Sitelinks, People also ask, Indented, Related searches",informational,Organic
stonescapes mini pebble reviews,1,1,30,19,0.00,https://thewaterhobby.com/stonescapes-mini-pebble-review/,7,6.08,0.00,0.02,57,"[19,26,19,15,15,7,7,7,7,7,7,7]",2023-08-13,"Sitelinks, Reviews, Video Carousel, People also ask, Indented, Related searches",commercial,Organic
pool umbrella sleeve too big,1,1,30,30,0.29,https://thewaterhobby.com/pool-umbrella-sleeve-too-big-or-small/,7,6.08,2.00,1,92,"[100,18,18,18,18,18,18,18,18,18,18,18]",2023-07-31,"Image pack, Sitelinks, Reviews, Image, People also ask, Indented, Related searches",informational,Organic
mustard algae pictures,1,1,50,8,0.00,https://thewaterhobby.com/mustard-algae-or-sand-heres-how-to-know/,6,5.21,0.00,0.02,648000,"[100,100,100,18,18,0,18,18,18,18,18,100]",2023-08-03,"Image pack, Sitelinks, Reviews, Image, Video Carousel, People also ask, Indented, Related searches",informational,Organic
pentair globrite problems,3,0,70,5,0.71,https://thewaterhobby.com/pentair-globrite-problems-top-10-issues-and-complaints/,5,4.34,3.00,0.27,41,"[78,78,78,35,28,28,64,35,50,64,50,14]",2023-08-15,"Sitelinks, Reviews, Image, Video Carousel, People also ask, Indented, Related searches",informational,Organic
pentair vs polaris pool cleaner,1,1,20,0,1.38,https://thewaterhobby.com/polaris-vs-pentair-cleaner/,4,3.47,5.00,1,88,"[14,14,9,0,9,9,9,9,9,9,9,9]",2023-08-02,"Sitelinks, Reviews, Ads bottom, People also ask, Indented, Related searches",commercial,Organic
best pool phosphate remover,4,4,70,10,0.46,https://thewaterhobby.com/best-phosphate-remover/,4,3.47,1.00,1,966000,"[66,52,23,14,0,0,4,9,14,23,66,80]",2023-08-07,"Image pack, Sitelinks, Reviews, Image, People also ask, Indented, Popular products, Related searches",commercial,Organic
cheapest way to increase calcium hardness in pool,14,14,590,23,0.65,https://thewaterhobby.com/cheapest-way-to-increase-calcium-hardness/,4,3.47,2.00,1,94,"[65,34,16,8,4,3,5,3,8,13,44,55]",2023-08-11,"Image pack, Sitelinks, Reviews, Featured snippet, People also ask, Indented, Related searches",informational,Organic
polaris vs pentair pool cleaner,1,1,20,10,1.38,https://thewaterhobby.com/polaris-vs-pentair-cleaner/,4,3.47,5.00,1,85,"[0,33,33,66,66,66,66,66,66,66,66,66]",2023-08-02,"Sitelinks, Reviews, People also ask, Indented, Related searches",commercial,Organic
aqua leader pools reviews,1,1,20,3,1.37,https://thewaterhobby.com/aqua-leader-pool-reviews/,4,3.47,5.00,1,18700000,"[1,1,2,2,2,2,2,2,2,2,2,2]",2023-07-20,"Knowledge panel, Image pack, Sitelinks, Reviews, People also ask, Indented, Related searches",commercial,Organic
pentair screenlogic will not connect locally,2,2,30,9,0.00,https://thewaterhobby.com/pentair-screenlogic-will-not-connect-locally-remotely/,3,2.6,0.00,0.04,41,"[15,11,19,7,19,7,7,7,7,7,7,7]",2023-07-29,"Sitelinks, Reviews, Video Carousel, People also ask, Indented, Related searches",informational,Organic
pentair screenlogic will not connect remotely,3,3,40,12,0.00,https://thewaterhobby.com/pentair-screenlogic-will-not-connect-locally-remotely/,3,2.6,0.00,0.03,49,"[17,5,5,5,5,7,5,5,7,12,28,28]",2023-07-29,"Sitelinks, Reviews, People also ask, Indented, Related searches",informational,Organic
mustard algae or dirt,3,3,30,22,0.00,https://thewaterhobby.com/mustard-algae-or-sand-heres-how-to-know/,2,1.73,0.00,0.08,762000,"[100,100,18,18,0,18,18,18,18,18,18,18]",2023-08-10,"Sitelinks, Featured snippet, Video Carousel, People also ask, Indented, Related searches",informational,Organic
waterguru vs sutro,3,3,30,20,5.47,https://thewaterhobby.com/waterguru-vs-sutro/,2,1.73,10.00,0.82,32,"[4,4,0,0,0,4,4,9,9,33,23,100]",2023-08-06,"Sitelinks, Reviews, Ads top, Video Carousel, People also ask, Indented, Related searches",commercial,Organic
are salt water pools colder,6,6,30,19,0.00,https://thewaterhobby.com/are-salt-water-pools-warmer/,1,0.86,0.00,0,19400000,"[22,77,100,22,44,44,22,22,0,77,22,22]",2023-08-02,"Sitelinks, Reviews, Featured snippet, People also ask, Indented, Related searches",informational,Organic
how to tell if a pool is saltwater or chlorine,9,9,50,23,0.00,https://thewaterhobby.com/how-to-tell-if-a-pool-is-saltwater-or-chlorine/,1,0.86,0.00,0.01,1030000,"[28,28,12,5,5,5,7,5,12,10,12,5]",2023-08-09,"Sitelinks, Reviews, Featured snippet, People also ask, Related searches",informational,Organic
aqua blue pebble tech,51,51,50,9,0.80,https://thewaterhobby.com/aqua-blue-vs-aqua-white-mini-pebble/,0,0,0.00,0.98,83,"[100,44,77,44,55,33,22,44,55,22,100,77]",2023-07-21,"Image pack, Reviews, Image, Ads bottom, People also ask, Indented, Related searches",informational,Organic
blue surf pebble sheen,32,32,590,10,0.63,https://thewaterhobby.com/mini-pebble-vs-pebble-sheen/,0,0,0.00,0.58,44,"[62,55,45,16,16,24,20,24,36,36,45,36]",2023-08-03,"Image pack, Sitelinks, Image, Video Carousel, People also ask, Indented, Related searches",informational,Organic
platinum edition replacement salt cell for hayward t-cell-5,26,0,20,6,2.46,https://thewaterhobby.com/platinum-edition-salt-cell-review/,0,0,0.00,1,47,"[50,0,50,0,50,50,50,50,50,50,50,50]",2023-08-15,"Sitelinks, Reviews, Indented, Related searches",informational,Organic
taylor k-2006,70,70,390,6,0.44,https://thewaterhobby.com/taylor-k-2006-vs-k-2006c/,0,0,0.00,1,399000000,"[52,20,4,5,2,8,13,16,8,16,25,68]",2023-08-14,"Knowledge panel, Reviews, Image, Video Carousel, People also ask, Indented, Related searches","informational, transactional",Organic
tahoe blue pool color,27,27,50,0,0.00,https://thewaterhobby.com/tropics-blue-vs-tahoe-blue/,0,0,0.00,0.01,90,"[11,3,3,3,3,2,3,4,4,11,5,4]",2023-08-07,"Image pack, Reviews, Image, People also ask, Indented, Related searches",informational,Organic
aqua pebble,71,71,50,2,0.00,https://thewaterhobby.com/aqua-blue-vs-aqua-white-mini-pebble/,0,0,0.00,0.94,79,"[8,3,3,3,3,3,3,8,1,1,3,1]",2023-07-27,"Image pack, Reviews, Image, People also ask, Indented, Popular products, Related searches",informational,Organic
pentair screenlogic app,51,51,390,50,0.69,https://thewaterhobby.com/pentair-screenlogic-will-not-connect-locally-remotely/,0,0,0.00,0.04,59,"[36,29,29,44,36,36,44,54,54,36,100,81]",2023-08-09,"Knowledge panel, Reviews, Video Carousel, People also ask, Indented, Related searches","informational, transactional",Organic
troubleshooting intellichlor ic40,12,12,20,1,1.83,https://thewaterhobby.com/pentair-intellichlor-ic40-not-producing-chlorine/,0,0,0.00,0.43,28,"[22,22,22,22,22,22,0,22,22,22,22,22]",2023-08-09,"Sitelinks, Image, Video Carousel, People also ask, Indented, Related searches",informational,Organic
how to increase pool hardness,40,40,110,36,0.63,https://thewaterhobby.com/cheapest-way-to-increase-calcium-hardness/,0,0,0.00,1,5030000,"[54,22,6,6,0,0,4,0,10,18,66,100]",2023-08-09,"Image pack, Sitelinks, Reviews, Featured snippet, Video Carousel, People also ask, Related searches",informational,Organic
diamond brite pool finish colors,95,95,30,13,1.42,https://thewaterhobby.com/marcite-vs-diamond-brite/,0,0,0.00,0.96,34200000,"[57,42,71,42,42,28,28,28,57,71,42,28]",2023-07-20,"Image pack, Sitelinks, Reviews, Video, Image, People also ask, Indented, Popular products, Related searches",informational,Organic
why is my hot tub not heating up,91,91,110,34,0.00,https://thewaterhobby.com/hot-tub-wont-heat/,0,0,0.00,0.01,92600000,"[33,33,42,66,66,42,42,66,66,66,52,52]",2023-08-13,"Image pack, Sitelinks, Featured snippet, Video Carousel, People also ask, FAQ, Indented, Related searches",informational,Organic
jandy warranty claim,64,64,30,8,0.00,https://thewaterhobby.com/jandy-vs-hayward/,0,0,0.00,0.02,71,"[28,28,71,42,42,28,42,42,28,28,42,100]",2023-08-02,"Reviews, People also ask, Indented, Related searches",informational,Organic
what does mustard algea look like,31,31,90,19,0.00,https://thewaterhobby.com/mustard-algae-or-sand-heres-how-to-know/,0,0,0.00,0,5340000,"[0,0,0,0,0,0,0,0,0,0,0,100]",2023-08-11,"Image pack, Sitelinks, Image, People also ask, Indented, Related searches",informational,Organic
hot tub not heating up,93,93,480,34,1.00,https://thewaterhobby.com/hot-tub-wont-heat/,0,0,0.00,0.02,35400000,"[54,44,66,100,100,81,81,66,81,81,81,54]",2023-08-09,"Image pack, Sitelinks, Video Carousel, People also ask, FAQ, Indented, Related searches",informational,Organic
stonescapes midnight blue,23,23,210,16,0.00,https://thewaterhobby.com/tropics-blue-vs-midnight-blue/,0,0,0.00,0.33,60,"[53,53,43,35,35,35,23,43,53,53,66,66]",2023-08-01,"Indented, Related searches","informational, transactional",Organic
pebble fina reviews,72,72,30,9,0.00,https://thewaterhobby.com/mini-pebble-vs-pebble-tec/,0,0,0.00,0.04,90,"[100,27,18,18,18,18,18,18,18,18,18,18]",2023-07-18,"Sitelinks, Reviews, Image, People also ask, Indented, Related searches",commercial,Organic
stonescapes aqua white,23,23,260,14,0.00,https://thewaterhobby.com/aqua-blue-vs-aqua-white-mini-pebble/,0,0,0.00,0.28,53,"[66,66,43,43,29,29,22,43,43,54,66,66]",2023-08-01,"Image pack, Sitelinks, Image, People also ask, Indented, Related searches",informational,Organic
backwash vs rinse,17,17,50,7,0.00,https://thewaterhobby.com/backwash-vs-rinse/,0,0,0.00,0,410000,"[64,64,29,11,11,11,11,11,11,11,23,64]",2023-07-24,"Sitelinks, Reviews, Featured snippet, People also ask, Related searches",informational,Organic
polaris 280 pool cleaner troubleshooting,32,0,50,16,0.81,https://thewaterhobby.com/polaris-tail-not-moving-sweeping-model-3900-280-360-380/,0,0,0.00,0.62,44,"[78,14,14,14,14,14,14,14,78,78,78,78]",2023-08-15,"Reviews, Image, Video Carousel, People also ask, Indented, Related searches",informational,Organic
k-2006-salt,70,70,40,5,0.45,https://thewaterhobby.com/taylor-k-2006-vs-k-2006c/,0,0,0.00,1,97,"[100,35,14,14,14,14,14,14,14,14,78,64]",2023-08-08,"Knowledge panel, Image pack, Reviews, Image, People also ask, Related searches","informational, transactional",Organic
no lights on intellichlor ic40,49,49,20,0,1.65,https://thewaterhobby.com/pentair-intellichlor-ic40-not-producing-chlorine/,0,0,0.00,1,54,"[100,0,0,0,18,18,18,18,18,18,18,18]",2023-08-03,"Sitelinks, Reviews, Video Carousel, People also ask, Indented, Related searches",informational,Organic
pentair screenlogic login,26,26,140,47,0.00,https://thewaterhobby.com/pentair-screenlogic-will-not-connect-locally-remotely/,0,0,0.00,0,41,"[65,42,42,42,53,42,53,42,53,65,80,100]",2023-07-30,"Sitelinks, Reviews, Video Carousel, People also ask, Indented, Related searches","navigational, transactional",Organic
best grout for pool tile,37,37,50,14,0.51,https://thewaterhobby.com/best-grout-for-pools/,0,0,0.00,1,10300000,"[3,1,0,0,0,0,0,0,1,3,3,3]",2023-08-10,"Image pack, Reviews, Video, Image, Ads bottom, People also ask, Indented, Popular products, Related searches","commercial, informational",Organic
pentair intellichlor high salt,47,47,20,14,1.71,https://thewaterhobby.com/pentair-intellichlor-ic40-not-producing-chlorine/,0,0,0.00,1,70,"[66,66,66,66,0,0,0,66,66,66,66,66]",2023-08-09,"Image pack, Sitelinks, Reviews, Image, Video Carousel, People also ask, Indented, Popular products, Related searches",informational,Organic
pentair globrite pool light,71,71,40,21,0.67,https://thewaterhobby.com/pentair-globrite-problems-top-10-issues-and-complaints/,0,0,0.00,1,73,"[17,64,11,17,11,11,17,11,23,29,64,23]",2023-08-07,"Knowledge panel, Image pack, Reviews, Image, Video Carousel, People also ask, Indented, Related products, Related searches","informational, transactional",Organic
screenlogic pentair app,57,57,30,39,0.00,https://thewaterhobby.com/pentair-screenlogic-will-not-connect-locally-remotely/,0,0,0.00,0.05,74,"[9,9,9,9,19,9,23,19,23,14,33,14]",2023-08-04,"Image pack, Reviews, Video Carousel, People also ask, Indented, Related searches","informational, transactional",Organic
unicell filters,71,71,30,24,0.77,https://thewaterhobby.com/pleatco-vs-unicel/,0,0,0.00,1,78,"[77,44,33,55,0,11,11,11,11,44,33,22]",2023-08-07,"Image pack, Sitelinks, Image, People also ask, Indented, Popular products, Related searches",navigational,Organic
heating a salt water pool,10,10,30,14,0.94,https://thewaterhobby.com/are-salt-water-pools-warmer/,0,0,0.00,1,29300000,"[66,0,0,0,0,0,0,0,0,0,0,0]",2023-07-18,"Image pack, Sitelinks, Reviews, Featured snippet, Image, Video Carousel, People also ask, Indented, Related searches",informational,Organic
caldera spa 4 dashes on display,7,0,40,0,0.00,https://thewaterhobby.com/caldera-spa-4-dashes-on-display/,0,0,0.00,0.03,37,"[1,0,0,2,0,4,0,0,2,0,0,0]",2023-08-15,"Sitelinks, Video Carousel, People also ask, Indented, Related searches",informational,Organic
diamond brite,91,95,1600,17,1.84,https://thewaterhobby.com/marcite-vs-diamond-brite/,0,0,0.00,1,8600000,"[68,68,68,68,68,52,68,68,100,100,84,84]",2023-08-15,"Image pack, Sitelinks, Reviews, Image, People also ask, Indented, Popular products",commercial,Organic
stonescape mini pebble colors,16,16,40,13,0.00,https://thewaterhobby.com/stonescapes-mini-pebble-review/,0,0,0.00,0.3,66,"[81,100,45,36,36,27,18,0,27,27,27,27]",2023-07-28,"Image pack, Image, Indented, Related searches",informational,Organic
how to increase hardness in pool naturally,29,29,140,29,0.75,https://thewaterhobby.com/cheapest-way-to-increase-calcium-hardness/,0,0,0.00,0.05,3390000,"[81,36,12,5,2,2,2,4,5,19,36,54]",2023-08-15,"Sitelinks, Reviews, Video Carousel, People also ask, Related searches",informational,Organic
lower chlorine in hot tub,85,85,140,29,0.38,https://thewaterhobby.com/how-to-lower-chlorine-in-hot-tub-naturally/,0,0,0.00,0.17,2970000,"[66,66,80,66,80,80,80,80,66,66,80,80]",2023-07-29,"Image pack, Reviews, Featured snippet, People also ask, Related searches",informational,Organic
algae or pollen in pool,39,39,70,12,0.00,https://thewaterhobby.com/mustard-algae-or-pollen/,0,0,0.00,0.02,1070000,"[28,28,12,5,5,5,5,5,17,17,53,53]",2023-08-09,"Sitelinks, Featured snippet, People also ask, Indented, Related searches",informational,Organic
stonescapes,89,0,1300,31,2.69,https://thewaterhobby.com/stonescapes-mini-pebble-review/,0,0,0.00,0.07,100,"[79,66,66,54,36,30,54,36,36,54,54,66]",2023-08-15,"Local pack, Image pack, Sitelinks, Reviews, Video, Image, People also ask, Indented, Related searches",navigational,Organic
ecosmarte reviews,35,35,20,27,0.84,https://thewaterhobby.com/ecosmarte-review/,0,0,0.00,0.27,71,"[22,22,22,22,22,22,22,22,22,22,22,22]",2023-08-04,"Knowledge panel, Image pack, Reviews, Image, People also ask, FAQ, Indented, Related searches",commercial,Organic
above ground pool return jet,89,89,170,0,0.41,https://thewaterhobby.com/how-many-return-jets/,0,0,0.00,1,22300000,"[36,19,9,6,2,2,2,5,6,23,66,66]",2023-08-11,"Sitelinks, Reviews, Video, Image, People also ask, Indented, Popular products, Related searches",commercial,Organic
pebblesheen,54,54,320,8,0.56,https://thewaterhobby.com/mini-pebble-vs-pebble-sheen/,0,0,0.00,0.37,57,"[100,54,54,36,15,15,7,15,19,23,29,36]",2023-07-30,"Image pack, Sitelinks, Image, People also ask, Indented, Related searches",informational,Organic
how should my pool jets be positioned,25,25,30,6,0.00,https://thewaterhobby.com/how-many-return-jets/,0,0,0.00,0,5800000,"[15,7,7,7,7,7,7,7,7,7,15,19]",2023-08-10,"Reviews, Featured snippet, Video Carousel, People also ask, Indented, Related searches",informational,Organic
hydrapure hayward,42,42,30,13,2.43,https://thewaterhobby.com/hayward-hydra-pure-review/,0,0,0.00,1,43,"[50,50,50,50,50,50,50,50,50,100,100,100]",2023-07-31,"Reviews, Image, People also ask, Indented, Related searches","informational, transactional",Organic
what does pool clarifier do,94,94,260,28,0.89,https://thewaterhobby.com/too-much-clarifier-in-pool/,0,0,0.00,0.1,2180000,"[72,39,11,3,2,2,2,2,7,21,72,100]",2023-08-12,"Reviews, Featured snippet, Video Carousel, People also ask, Indented, Related searches",informational,Organic
stonescapes vs pebble tec,13,13,110,21,0.00,https://thewaterhobby.com/mini-pebble-vs-pebble-sheen/,0,0,0.00,0.02,41,"[29,35,29,29,22,10,10,22,29,29,22,22]",2023-07-31,"Sitelinks, People also ask, Indented, Related searches","commercial, informational",Organic
hot tub wont heat,37,37,50,39,0.59,https://thewaterhobby.com/hot-tub-wont-heat/,0,0,0.00,0.03,18900000,"[52,41,41,64,29,23,11,17,17,29,23,17]",2023-08-12,"Image pack, Sitelinks, Featured snippet, Video Carousel, People also ask, Indented, Related searches",informational,Organic
pebble sheen,76,0,1000,19,0.42,https://thewaterhobby.com/mini-pebble-vs-pebble-sheen/,0,0,0.00,0.23,2280000,"[54,54,54,30,30,20,36,41,54,54,54,66]",2023-08-15,"Image pack, Sitelinks, Reviews, Image, People also ask, Indented, Related searches","commercial, informational",Organic
how much hydrogen peroxide to lower chlorine in pool,56,56,70,28,0.00,https://thewaterhobby.com/hydrogen-peroxide-to-lower-chlorine-in-hot-tub/,0,0,0.00,0,441000,"[34,34,6,12,6,6,6,6,6,6,34,100]",2023-08-11,"Sitelinks, Reviews, Featured snippet, People also ask, Indented, Related searches",informational,Organic
increase calcium hardness,71,71,30,33,0.72,https://thewaterhobby.com/cheapest-way-to-increase-calcium-hardness/,0,0,0.00,1,11700000,"[5,3,3,0,0,0,0,0,0,0,0,1]",2023-07-19,"Reviews, Featured snippet, Image, People also ask, FAQ, Indented, Related searches",informational,Organic
what direction should pool jets face,30,30,30,4,0.00,https://thewaterhobby.com/how-many-return-jets/,0,0,0.00,0,30200000,"[19,11,7,7,7,7,7,0,7,7,7,26]",2023-07-25,"Image pack, Sitelinks, Video Carousel, People also ask, Indented, Related searches",informational,Organic
increasing pool hardness,53,53,30,36,0.58,https://thewaterhobby.com/cheapest-way-to-increase-calcium-hardness/,0,0,0.00,1,3600000,"[100,100,45,9,9,0,0,0,0,0,0,18]",2023-07-12,"Image pack, Reviews, Featured snippet, Image, Video Carousel, People also ask, FAQ, Indented, Related searches",informational,Organic
mini pebble pool finish,57,57,320,21,2.62,https://thewaterhobby.com/stonescapes-mini-pebble-review/,0,0,0.00,0.81,99,"[54,54,44,44,29,29,36,44,44,54,54,66]",2023-08-10,"Image pack, Sitelinks, Reviews, Image, People also ask, Indented, Popular products, Related searches",informational,Organic
caldera spas troubleshooting,35,35,40,38,0.59,https://thewaterhobby.com/caldera-spa-4-dashes-on-display/,0,0,0.00,0.08,37,"[27,36,27,27,45,27,27,36,27,27,36,36]",2023-07-26,"Image pack, People also ask, Indented, Related searches",informational,Organic
tropic blue color,85,85,110,4,0.00,https://thewaterhobby.com/tropics-blue-vs-tahoe-blue/,0,0,0.00,0.29,39900000,"[11,0,0,15,0,0,65,65,65,100,80,100]",2023-07-20,"Image pack, Reviews, Image, People also ask, Indented, Related searches",informational,Organic
waterguru sense vs sutro,5,5,20,32,11.45,https://thewaterhobby.com/waterguru-vs-sutro/,0,0,0.00,0.93,35,"[33,22,22,22,22,22,22,22,22,22,22,22]",2023-08-14,"Image pack, Sitelinks, Reviews, Video, Featured snippet, People also ask, Indented, Related searches",commercial,Organic
sutro water monitoring system,63,63,20,21,4.03,https://thewaterhobby.com/waterguru-vs-sutro/,0,0,0.00,1,73,"[0,40,40,40,40,40,40,40,40,100,40,40]",2023-08-02,"Knowledge panel, Image pack, Sitelinks, Reviews, Image, Video Carousel, People also ask, Indented, Popular products, Related searches","informational, transactional",Organic
pictures of dead algae in pool,90,90,170,18,0.00,https://thewaterhobby.com/what-does-mustard-algae-look-like/,0,0,0.00,0.01,2980000,"[81,23,23,6,5,6,5,3,8,18,66,100]",2023-08-11,"Image pack, Sitelinks, Reviews, Video, Image, People also ask, Related searches",informational,Organic
are generic salt cells good,31,31,20,0,1.21,https://thewaterhobby.com/platinum-edition-salt-cell-review/,0,0,0.00,1,64,"[18,18,18,18,18,18,18,0,18,18,18,18]",2023-08-01,"Sitelinks, Reviews, Image, People also ask, Related searches",informational,Organic
pentair pool lights not working,62,62,90,13,0.61,https://thewaterhobby.com/pentair-jandy-pool-lights-not-changing-color/,0,0,0.00,0.57,6840000,"[78,100,78,78,35,28,28,64,35,35,64,78]",2023-07-25,"Sitelinks, Reviews, Image, Video Carousel, People also ask, Indented, Related searches",informational,Organic
diamond brite finish,96,96,20,10,1.44,https://thewaterhobby.com/marcite-vs-diamond-brite/,0,0,0.00,0.71,5330000,"[18,18,18,18,18,18,18,18,18,18,18,18]",2023-07-24,"Image pack, Sitelinks, Reviews, Video, Image, People also ask, Indented, Popular products, Related searches",informational,Organic
how to fix a bent pool leg,7,7,30,5,0.00,https://thewaterhobby.com/intex-pool-legs-not-straight/,0,0,0.00,0.11,6270000,"[100,100,18,18,18,18,18,18,18,18,18,18]",2023-08-02,"Image pack, Sitelinks, Reviews, Featured snippet, Video Carousel, People also ask, Indented, Related searches",informational,Organic
tahoe blue quartzscapes,57,57,90,23,0.00,https://thewaterhobby.com/tropics-blue-vs-tahoe-blue/,0,0,0.00,0.04,57,"[42,34,42,34,26,11,26,34,42,42,42,34]",2023-08-13,"Image pack, Sitelinks, Video, Image, People also ask, Indented, Related searches",informational,Organic
return jets for pool,65,65,210,13,0.41,https://thewaterhobby.com/how-many-return-jets/,0,0,0.00,1,23500000,"[0,0,0,0,0,0,0,0,0,24,45,100]",2023-07-25,"Sitelinks, Reviews, Video, Image, People also ask, Popular products, Related searches",commercial,Organic
globrite led pool light,80,80,50,6,0.60,https://thewaterhobby.com/pentair-globrite-problems-top-10-issues-and-complaints/,0,0,0.00,1,81,"[9,5,6,4,6,4,4,6,9,9,9,4]",2023-07-25,"Knowledge panel, Image pack, Reviews, Image, Video Carousel, People also ask, Indented, Popular products, Related searches","informational, transactional",Organic
tropical blue mini pebble,22,22,320,12,0.00,https://thewaterhobby.com/tropics-blue-vs-midnight-blue/,0,0,0.00,0.37,12800000,"[100,66,81,43,54,35,54,54,43,66,66,81]",2023-07-24,"Image pack, Sitelinks, Image, Related searches",informational,Organic
compare polaris robotic pool cleaners,64,64,20,29,2.81,https://thewaterhobby.com/polaris-vs-pentair-cleaner/,0,0,0.00,0.97,2690000,"[50,50,50,50,50,50,50,50,50,50,50,50]",2023-08-01,"Image pack, Reviews, Image, Ads bottom, Video Carousel, People also ask, Indented, Popular products, Related searches",commercial,Organic
aqua genie skimmer,80,80,170,19,1.02,https://thewaterhobby.com/aqua-genie-skimmer-problems/,0,0,0.00,1,79,"[54,35,35,35,18,10,18,18,35,43,66,66]",2023-08-08,"Knowledge panel, Image pack, Sitelinks, Reviews, Image, People also ask, Indented, Popular products, Related searches","informational, transactional",Organic
pool jets not working,94,94,170,27,0.49,https://thewaterhobby.com/how-many-return-jets/,0,0,0.00,0.07,24100000,"[54,35,29,18,10,10,10,14,29,35,81,81]",2023-08-12,"Sitelinks, Reviews, Featured snippet, Video Carousel, People also ask, Indented, Related searches",informational,Organic
how often do you add water to your pool,99,99,30,23,0.00,https://thewaterhobby.com/how-often-do-you-add-water-to-your-pool/,0,0,0.00,0,473000000,"[100,18,45,18,18,18,18,18,18,18,18,18]",2023-07-23,"Sitelinks, Reviews, Featured snippet, People also ask, Indented, Related searches",informational,Organic
waterguru sense reviews,40,40,260,36,5.93,https://thewaterhobby.com/waterguru-vs-sutro/,0,0,0.00,1,46,"[22,4,2,1,1,2,0,1,2,5,8,10]",2023-08-04,"Knowledge panel, Reviews, Ads bottom, Shopping ads, People also ask, Related searches",commercial,Organic
pentair robotic cleaner,91,91,20,13,1.35,https://thewaterhobby.com/polaris-vs-pentair-cleaner/,0,0,0.00,1,704000,"[66,66,66,66,66,66,66,66,66,66,66,66]",2023-08-11,"Reviews, Video, Image, People also ask, Indented, Popular products, Related searches","informational, transactional",Organic
pentair ic40 not producing chlorine,12,12,20,8,1.61,https://thewaterhobby.com/pentair-intellichlor-ic40-not-producing-chlorine/,0,0,0.00,0.98,42,"[33,22,22,22,22,0,0,0,22,22,22,22]",2023-08-09,"Image pack, Sitelinks, Reviews, Ads bottom, Video Carousel, People also ask, Related searches",informational,Organic
inground pool pool return jets,62,62,90,12,0.00,https://thewaterhobby.com/how-many-return-jets/,0,0,0.00,1,741000,"[100,80,33,33,33,14,9,9,9,23,33,80]",2023-07-23,"Image pack, Sitelinks, Reviews, Image, Ads bottom, Shopping ads, Video Carousel, People also ask, Indented, Popular products, Related searches","commercial, informational",Organic
jandy pool equipment reviews,25,25,50,23,0.76,https://thewaterhobby.com/is-jandy-a-good-pool-pump/,0,0,0.00,0.76,97,"[100,100,100,45,36,18,18,27,18,27,27,18]",2023-07-25,"Image pack, Sitelinks, Reviews, Image, Ads bottom, People also ask, Related searches",commercial,Organic
does baking soda increase calcium hardness,38,38,50,37,0.00,https://thewaterhobby.com/cheapest-way-to-increase-calcium-hardness/,0,0,0.00,0.01,94,"[17,14,7,4,3,2,2,2,2,2,2,2]",2023-07-23,"Image pack, Featured snippet, Ads bottom, People also ask, Related searches",informational,Organic
prism blue pebble sheen,47,0,140,9,0.17,https://thewaterhobby.com/mini-pebble-vs-pebble-sheen/,0,0,0.00,0.76,47,"[35,35,29,22,22,14,22,29,35,35,35,35]",2023-08-15,"Image pack, Sitelinks, Video, Image, People also ask, Indented, Related searches",informational,Organic
screenlogic interface wireless link,59,0,50,17,0.44,https://thewaterhobby.com/pentair-screenlogic-will-not-connect-locally-remotely/,0,0,0.00,1,66,"[29,29,23,29,29,23,23,11,17,23,29,64]",2023-08-16,"Knowledge panel, Sitelinks, Reviews, Image, Video Carousel, People also ask, Indented, Popular products, Related searches","informational, transactional",Organic
pentair intellichlor low salt,30,30,20,3,1.34,https://thewaterhobby.com/pentair-intellichlor-ic40-not-producing-chlorine/,0,0,0.00,1,61,"[66,66,66,66,66,66,66,66,66,66,66,66]",2023-08-10,"Image pack, Sitelinks, Reviews, Image, Video Carousel, People also ask, Popular products, Related searches",informational,Organic
jandy color led pool light,69,69,140,27,0.88,https://thewaterhobby.com/pentair-jandy-pool-lights-not-changing-color/,0,0,0.00,1,77,"[66,66,52,52,42,52,42,52,52,80,80,66]",2023-08-14,"Knowledge panel, Sitelinks, Reviews, Video, Image, People also ask, Indented, Popular products, Related searches","navigational, transactional",Organic
polaris 280 vs 360,51,51,170,1,2.04,https://thewaterhobby.com/polaris-tail-not-moving-sweeping-model-3900-280-360-380/,0,0,0.00,1,78,"[43,43,34,28,34,28,34,34,65,81,100,81]",2023-08-12,"Image pack, Sitelinks, Reviews, Video, Image, People also ask, Indented, Related searches",commercial,Organic
npt stonescapes,53,53,140,28,0.00,https://thewaterhobby.com/stonescapes-mini-pebble-review/,0,0,0.00,0.07,63,"[66,66,52,52,52,42,52,52,66,66,80,80]",2023-08-12,"Image pack, Sitelinks, Reviews, Video, Image, People also ask, Indented, Related searches",navigational,Organic
increasing calcium hardness in pool,50,50,40,35,0.77,https://thewaterhobby.com/cheapest-way-to-increase-calcium-hardness/,0,0,0.00,1,1440000,"[10,2,5,43,28,0,10,0,0,0,2,12]",2023-07-28,"Reviews, Featured snippet, People also ask, FAQ, Indented, Related searches",informational,Organic
pentair chlorinator salt level,65,65,20,20,1.43,https://thewaterhobby.com/pentair-intellichlor-ic40-not-producing-chlorine/,0,0,0.00,0.98,85,"[7,7,7,7,7,7,7,7,7,15,15,7]",2023-08-12,"Sitelinks, Reviews, Image, Video Carousel, People also ask, Indented, Related searches",informational,Organic
polaris 360 troubleshooting,38,38,110,26,0.55,https://thewaterhobby.com/polaris-tail-not-moving-sweeping-model-3900-280-360-380/,0,0,0.00,0.08,91,"[66,35,23,17,17,12,12,17,23,28,43,35]",2023-08-12,"Reviews, Featured snippet, Image, Video Carousel, People also ask, Indented, Related searches",informational,Organic
polaris 360 troubleshooting,39,39,110,26,0.55,https://thewaterhobby.com/polaris-380-wheels-not-turning/,0,0,0.00,0.08,91,"[66,35,23,17,17,12,12,17,23,28,43,35]",2023-08-12,"Reviews, Featured snippet, Image, Video Carousel, People also ask, Indented, Related searches",informational,Organic
stonescapes tahoe blue,31,31,210,17,0.00,https://thewaterhobby.com/tropics-blue-vs-tahoe-blue/,0,0,0.00,0.03,49,"[44,35,28,23,23,23,23,35,44,35,35,35]",2023-08-08,"Image pack, Sitelinks, Image, People also ask, Indented, Related searches",informational,Organic
mini pebble tec colors,24,24,50,30,0.00,https://thewaterhobby.com/mini-pebble-vs-pebble-tec/,0,0,0.00,0.82,70,"[50,14,64,78,35,21,35,78,28,28,28,35]",2023-07-27,"Image pack, Sitelinks, Image, People also ask, Indented, Related searches",informational,Organic
salt cell reviews,75,75,20,28,1.65,https://thewaterhobby.com/platinum-edition-salt-cell-review/,0,0,0.00,0.91,82200000,"[28,28,28,28,28,28,28,28,28,28,28,28]",2023-07-21,"Sitelinks, Reviews, Image, Ads bottom, Video Carousel, People also ask, Indented, Related searches",commercial,Organic
pentair pool light switch,81,81,40,7,0.52,https://thewaterhobby.com/pentair-jandy-pool-lights-not-changing-color/,0,0,0.00,1,764000,"[23,14,14,14,9,9,9,9,9,14,33,52]",2023-08-07,"Image pack, Reviews, Image, Video Carousel, People also ask, Indented, Related searches","informational, transactional",Organic
hayward pool heater warranty,73,73,110,13,0.97,https://thewaterhobby.com/jandy-vs-hayward/,0,0,0.00,0.83,100,"[42,53,53,26,19,26,19,34,42,53,100,80]",2023-08-13,"Sitelinks, Video, Image, People also ask, Indented, Related searches",informational,Organic
pebble tec aqua blue,49,49,70,15,0.77,https://thewaterhobby.com/aqua-blue-vs-aqua-white-mini-pebble/,0,0,0.00,0.61,74,"[33,0,100,0,14,4,9,19,23,66,80,19]",2023-08-06,"Image pack, Reviews, Image, Video Carousel, People also ask, Indented, Related searches",informational,Organic
difference between polaris 280 and 360,60,60,30,0,2.43,https://thewaterhobby.com/polaris-tail-not-moving-sweeping-model-3900-280-360-380/,0,0,0.00,0.98,80,"[80,60,60,40,40,40,40,40,40,60,100,80]",2023-08-10,"Image pack, Sitelinks, Reviews, Image, People also ask, Indented, Related searches",commercial,Organic
how to level intex pool with water in it,93,93,40,15,0.00,https://thewaterhobby.com/intex-pool-legs-not-straight/,0,0,0.00,0.08,3280000,"[78,78,14,14,14,14,14,14,14,14,14,78]",2023-08-02,"Sitelinks, Reviews, Video Carousel, People also ask, Indented, Related searches",informational,Organic
mini pebble plaster,55,55,70,22,1.17,https://thewaterhobby.com/mini-pebble-vs-pebble-tec/,0,0,0.00,0.82,81,"[18,8,8,5,3,5,8,8,18,18,8,23]",2023-08-04,"Image pack, Reviews, Video, Image, People also ask, Indented, Popular products, Related searches",informational,Organic
hayward ozone system,95,95,20,4,2.30,https://thewaterhobby.com/hayward-hydra-pure-review/,0,0,0.00,1,753000,"[50,50,50,50,50,50,50,50,50,50,100,75]",2023-08-09,"Reviews, Image, Ads bottom, Indented, Popular products, Related searches",commercial,Organic
pentair vs hayward pumps,85,85,30,6,0.82,https://thewaterhobby.com/jandy-vs-hayward/,0,0,0.00,1,618000,"[0,9,9,9,9,9,9,9,9,9,52,33]",2023-08-11,"Sitelinks, Reviews, Image, Shopping ads, Video Carousel, People also ask, Related searches",commercial,Organic
pebble tec caribbean blue,58,58,40,6,0.38,https://thewaterhobby.com/mini-pebble-vs-pebble-sheen/,0,0,0.00,0.63,65,"[33,33,14,14,9,0,4,23,23,33,33,9]",2023-08-07,"Image pack, Reviews, Image, People also ask, Indented, Related searches",informational,Organic
mini pebble,75,75,70,10,0.00,https://thewaterhobby.com/stonescapes-mini-pebble-review/,0,0,0.00,1,28300000,"[78,50,64,50,50,35,35,50,50,64,64,64]",2023-07-30,"Image pack, Video, Image, People also ask, Indented, Popular products, Related searches",commercial,Organic
tahoe blue plaster pool,61,61,40,0,0.00,https://thewaterhobby.com/tropics-blue-vs-tahoe-blue/,0,0,0.00,0.37,78,"[14,19,23,14,14,0,0,0,0,9,23,100]",2023-07-24,"Image pack, Reviews, Image, People also ask, Indented, Related searches",informational,Organic
hayward uv sanitizer,82,82,30,11,0.87,https://thewaterhobby.com/hayward-hydra-pure-review/,0,0,0.00,1,87,"[28,28,28,28,28,28,28,28,28,28,57,100]",2023-08-09,"Reviews, Video, Image, Related searches","informational, transactional",Organic
k 2006,95,95,110,39,0.49,https://thewaterhobby.com/taylor-k-2006-vs-k-2006c/,0,0,0.00,1,2800000000,"[100,80,66,33,23,23,19,33,23,52,52,80]",2023-07-30,"Knowledge panel, Image pack, Sitelinks, Reviews, Image, People also ask, Indented, Related searches","informational, transactional",Organic
pebble sheen blue surf,38,38,260,3,0.63,https://thewaterhobby.com/mini-pebble-vs-pebble-sheen/,0,0,0.00,0.58,45,"[44,44,28,100,100,28,15,35,35,54,66,35]",2023-07-25,"Image pack, Sitelinks, Image, Video Carousel, People also ask, Indented, Related searches",informational,Organic
aqua white mini pebble,13,13,260,4,0.00,https://thewaterhobby.com/aqua-blue-vs-aqua-white-mini-pebble/,0,0,0.00,0.33,81,"[54,54,44,28,44,23,28,23,35,44,66,54]",2023-07-28,"Image pack, Sitelinks, Reviews, Image, Video Carousel, People also ask, Popular products, Related searches",informational,Organic
hayward hydrapure,40,40,140,3,1.83,https://thewaterhobby.com/hayward-hydra-pure-review/,0,0,0.00,1,49,"[19,23,12,15,9,6,15,19,29,23,29,29]",2023-08-14,"Reviews, Image, Ads bottom, Shopping ads, Video Carousel, Indented, Related searches",informational,Organic
sundance hot tub reviews,83,83,90,12,2.15,https://thewaterhobby.com/hot-springs-vs-sundance/,0,0,0.00,0.56,1030000,"[52,52,42,33,33,33,33,33,52,52,52,52]",2023-08-12,"Image pack, Sitelinks, Reviews, Video, People also ask, FAQ, Related searches",commercial,Organic
pentair phone app,76,76,30,31,0.57,https://thewaterhobby.com/pentair-screenlogic-will-not-connect-locally-remotely/,0,0,0.00,0.42,82,"[45,27,36,18,18,18,18,27,27,27,27,18]",2023-07-31,"Carousel, Image pack, Reviews, People also ask, Indented, Related searches",transactional,Organic
endless pools reviews,27,27,140,35,2.22,https://thewaterhobby.com/endless-pool-complaints/,0,0,0.00,0.38,9470000,"[53,100,28,28,28,17,17,23,23,28,35,35]",2023-08-06,"Image pack, Sitelinks, Reviews, Image, Ads bottom, People also ask, Indented, Related searches",commercial,Organic
what does mustard algae look like,30,30,260,31,0.00,https://thewaterhobby.com/mustard-algae-or-sand-heres-how-to-know/,0,0,0.00,0,4260000,"[81,44,15,3,3,2,2,2,5,15,67,81]",2023-08-12,"Sitelinks, Video, Featured snippet, Image, People also ask, Indented, Related searches",informational,Organic
generic t cell 5 replacement,57,57,20,0,1.15,https://thewaterhobby.com/generic-t-cell-15-replacements-review/,0,0,0.00,1,95,"[18,18,18,18,18,18,18,0,18,18,18,18]",2023-07-19,"Image pack, Sitelinks, Reviews, Image, Ads bottom, Shopping ads, People also ask, Indented, Popular products, Related searches",commercial,Organic
generic t-cell 9 replacement,83,83,20,0,2.56,https://thewaterhobby.com/generic-t-cell-15-replacements-review/,0,0,0.00,1,95,"[7,7,7,7,7,7,0,7,7,7,7,7]",2023-07-21,"Image pack, Sitelinks, Reviews, Image, Ads bottom, Shopping ads, People also ask, Indented, Popular products, Related searches","informational, transactional",Organic
k 2006 salt,41,41,40,0,0.45,https://thewaterhobby.com/taylor-k-2006-vs-k-2006c/,0,0,0.00,1,95,"[100,18,18,18,18,18,18,18,18,18,100,100]",2023-08-06,"Image pack, Image, People also ask, Indented, Related searches","informational, transactional",Organic
pentair pool light not changing colors,21,21,30,0,0.00,https://thewaterhobby.com/pentair-jandy-pool-lights-not-changing-color/,0,0,0.00,0.38,95,"[10,10,6,4,4,4,4,4,4,4,4,4]",2023-07-25,"Image pack, Sitelinks, Reviews, Image, Ads bottom, People also ask, Indented, Related searches",informational,Organic
hot tub only heats to 84 degrees,20,20,40,6,0.00,https://thewaterhobby.com/hot-tub-wont-heat/,0,0,0.00,0.02,5810000,"[6,9,6,12,9,15,21,21,12,9,6,6]",2023-08-01,"Image pack, Reviews, Featured snippet, People also ask, Indented, Related searches",informational,Organic
hot tub not heating,88,88,210,23,1.10,https://thewaterhobby.com/hot-tub-wont-heat/,0,0,0.00,0.31,40400000,"[28,28,23,35,44,44,35,35,35,35,44,44]",2023-07-23,"Image pack, Sitelinks, Featured snippet, Video Carousel, People also ask, Related searches",informational,Organic
tahoe blue pool,39,39,170,3,0.00,https://thewaterhobby.com/tropics-blue-vs-tahoe-blue/,0,0,0.00,0.01,96,"[66,53,43,35,28,35,28,35,35,35,53,53]",2023-08-01,"Image pack, Reviews, Image, People also ask, Indented, Related searches",informational,Organic
pentair screenlogic color light control,60,60,30,13,0.00,https://thewaterhobby.com/pentair-jandy-pool-lights-not-changing-color/,0,0,0.00,0.55,66,"[77,55,22,33,22,33,22,22,22,22,33,22]",2023-08-04,"Sitelinks, Reviews, Image, People also ask, Indented, Related searches",informational,Organic
pool light won't turn on,89,89,30,19,1.51,https://thewaterhobby.com/pentair-jandy-pool-lights-not-changing-color/,0,0,0.00,0.11,122000000,"[100,40,40,40,40,40,40,40,40,40,80,60]",2023-08-09,"Sitelinks, Reviews, Featured snippet, Video Carousel, People also ask, Related searches",informational,Organic
hayward t15 salt cell replacement,56,56,110,13,3.89,https://thewaterhobby.com/best-t-cell-15-replacement/,0,0,0.00,1,69,"[66,66,35,22,10,6,4,4,4,8,22,43]",2023-07-29,"Image pack, Reviews, Video, Image, Indented, Popular products, Related searches",commercial,Organic
pleatco cartridges,39,39,20,40,0.90,https://thewaterhobby.com/pleatco-vs-unicel/,0,0,0.00,0.99,37,"[66,66,66,66,66,66,66,66,66,66,66,100]",2023-08-02,"Image pack, Sitelinks, Video, Image, People also ask, Indented, Popular products, Related searches",navigational,Organic
intex pool leveling,96,96,70,40,2.20,https://thewaterhobby.com/intex-pool-legs-not-straight/,0,0,0.00,0.94,5010000,"[100,43,12,5,5,5,5,5,5,7,23,12]",2023-08-02,"Sitelinks, Reviews, Featured snippet, Image, People also ask, Related searches",informational,Organic
best epoxy grout for swimming pool tiles,89,89,50,15,0.72,https://thewaterhobby.com/best-grout-for-pools/,0,0,0.00,1,703000,"[45,36,18,27,18,18,27,18,36,45,100,100]",2023-08-06,"Reviews, Video, Image, People also ask, Indented, Popular products, Related searches",commercial,Organic
pebble sheen cool blue,93,93,170,3,0.00,https://thewaterhobby.com/mini-pebble-vs-pebble-sheen/,0,0,0.00,0.84,98,"[65,65,53,43,43,43,28,43,43,53,43,65]",2023-07-21,"Image pack, Sitelinks, Reviews, Image, Video Carousel, People also ask, Indented, Related searches",informational,Organic
aqua white pool finish,18,18,30,0,0.00,https://thewaterhobby.com/aqua-blue-vs-aqua-white-mini-pebble/,0,0,0.00,0.1,9200000,"[22,44,33,33,22,22,33,33,33,33,44,33]",2023-08-09,"Image pack, Reviews, Image, People also ask, Related searches",informational,Organic
sutro smart water monitor,75,75,20,31,1.17,https://thewaterhobby.com/waterguru-vs-sutro/,0,0,0.00,1,85,"[66,66,66,66,66,66,0,0,66,66,66,66]",2023-08-08,"Knowledge panel, Sitelinks, Reviews, People also ask, Indented, Related searches",commercial,Organic
sutro smart water monitor,76,76,20,31,1.17,https://thewaterhobby.com/sutro-vs-phin/,0,0,0.00,1,85,"[66,66,66,66,66,66,0,0,66,66,66,66]",2023-08-08,"Knowledge panel, Sitelinks, Reviews, People also ask, Indented, Related searches",commercial,Organic
above ground pool legs,71,71,30,14,0.45,https://thewaterhobby.com/intex-pool-legs-not-straight/,0,0,0.00,1,27800000,"[100,18,18,18,18,18,18,18,18,18,18,100]",2023-07-31,"Image pack, Sitelinks, Reviews, Video, Image, People also ask, Indented, Popular products, Related searches",commercial,Organic
hayward goldline t cell 15,86,86,20,13,5.07,https://thewaterhobby.com/best-t-cell-15-replacement/,0,0,0.00,1,89,"[28,28,28,28,28,28,28,28,28,28,28,28]",2023-07-23,"Knowledge panel, Image pack, Reviews, Image, Ads bottom, Shopping ads, People also ask, Indented, Related searches","informational, transactional",Organic
pentair screenlogic connect app,48,48,50,27,0.00,https://thewaterhobby.com/pentair-screenlogic-will-not-connect-locally-remotely/,0,0,0.00,0.03,61,"[63,18,18,36,36,45,36,27,45,45,100,63]",2023-08-05,"Knowledge panel, Reviews, Video Carousel, People also ask, Indented, Related searches","informational, transactional",Organic
pentair intellibrite 5g led pool light reviews,48,48,30,9,0.88,https://thewaterhobby.com/pentair-intellibrite-5g-problems/,0,0,0.00,1,51,"[28,100,64,50,28,21,0,14,0,0,0,0]",2023-07-26,"Image pack, Reviews, Image, Video Carousel, People also ask, Indented, Related products, Related searches",commercial,Organic
intellichlor low salt light,40,40,20,9,0.94,https://thewaterhobby.com/pentair-intellichlor-ic40-not-producing-chlorine/,0,0,0.00,0.52,47,"[50,50,50,50,50,50,50,50,50,50,50,50]",2023-08-09,"Sitelinks, Image, Video Carousel, People also ask, Popular products, Related searches",informational,Organic
sutro hot tub monitor,44,44,40,25,3.58,https://thewaterhobby.com/best-hot-tub-water-monitoring-system/,0,0,0.00,1,47,"[44,100,77,22,22,77,22,44,77,22,44,22]",2023-07-28,"Sitelinks, Reviews, Image, People also ask, Popular products, Related searches",transactional,Organic
tropics blue,30,30,30,3,0.00,https://thewaterhobby.com/tropics-blue-vs-midnight-blue/,0,0,0.00,0.68,47700000,"[80,40,60,40,20,40,20,100,60,60,40,80]",2023-08-05,"Image pack, Sitelinks, Reviews, Image, Video Carousel, Indented, Related searches",informational,Organic
dirt or algae on bottom of pool,49,49,40,33,0.00,https://thewaterhobby.com/mustard-algae-or-sand-heres-how-to-know/,0,0,0.00,0.03,11200000,"[100,100,63,18,18,18,18,18,18,18,18,45]",2023-07-22,"Sitelinks, Reviews, Featured snippet, People also ask, Indented, Related searches",informational,Organic
hayward salt cell replacement t15,71,71,50,9,2.64,https://thewaterhobby.com/best-t-cell-15-replacement/,0,0,0.00,1,76,"[45,36,18,18,18,18,18,18,27,63,100,100]",2023-08-08,"Image pack, Reviews, Video, Image, Ads bottom, Shopping ads, People also ask, Indented, Popular products, Related searches",commercial,Organic
best generic t15 salt cell,15,15,20,4,3.08,https://thewaterhobby.com/best-t-cell-15-replacement/,0,0,0.00,1,39,"[66,66,66,66,0,0,66,66,66,66,66,66]",2023-07-19,"Image pack, Sitelinks, Reviews, Video, Image, Shopping ads, People also ask, Popular products, Related searches","commercial, informational",Organic
aqua genie skimmer basket,82,82,40,0,0.55,https://thewaterhobby.com/aqua-genie-skimmer-problems/,0,0,0.00,1,86,"[19,11,7,7,7,7,7,7,7,7,53,42]",2023-08-06,"Reviews, Image, Ads bottom, Shopping ads, Indented, Popular products, Related searches","informational, transactional",Organic
pentair salt chlorine generator troubleshooting,24,24,20,17,1.53,https://thewaterhobby.com/pentair-intellichlor-ic40-not-producing-chlorine/,0,0,0.00,0.56,40,"[50,50,50,50,50,50,50,50,50,50,50,100]",2023-08-10,"Video Carousel, People also ask, Indented, Related searches",informational,Organic
pentair chlorinator troubleshooting,20,24,30,15,0.81,https://thewaterhobby.com/pentair-intellichlor-ic40-not-producing-chlorine/,0,0,0.00,0.61,60,"[26,19,7,7,7,7,7,7,7,19,15,7]",2023-08-15,"Image, Video Carousel, People also ask, Indented, Related searches",informational,Organic
midnight blue pool plaster,84,84,110,2,1.16,https://thewaterhobby.com/tropics-blue-vs-midnight-blue/,0,0,0.00,0.6,100,"[66,52,66,52,33,42,42,52,52,66,80,66]",2023-08-11,"Image pack, Reviews, Video, Image, Indented, Popular products, Related searches",informational,Organic
pentair intellichlor ic40 troubleshooting,15,15,90,2,1.70,https://thewaterhobby.com/pentair-intellichlor-ic40-not-producing-chlorine/,0,0,0.00,1,53,"[65,21,15,12,6,6,6,6,15,28,65,53]",2023-08-03,"Sitelinks, Reviews, Image, Video Carousel, People also ask, Related searches",informational,Organic
return on a pool,12,12,50,18,0.60,https://thewaterhobby.com/how-many-return-jets/,0,0,0.00,1,637000000,"[81,0,0,0,0,0,0,0,0,0,0,0]",2023-07-18,"Image pack, Reviews, Featured snippet, Image, Video Carousel, People also ask, Indented, Related searches",informational,Organic
pebble sheen blue surf vs blue granite,36,36,30,2,0.00,https://thewaterhobby.com/mini-pebble-vs-pebble-sheen/,0,0,0.00,0.03,47,"[41,29,29,11,11,11,11,11,11,11,11,11]",2023-08-14,"Image pack, Sitelinks, Video, Image, People also ask, Related searches",informational,Organic
mighty sun above ground pools,90,90,20,0,1.51,https://thewaterhobby.com/aqua-leader-pool-reviews/,0,0,0.00,1,4630000,"[50,50,50,50,50,0,50,50,50,50,50,50]",2023-08-02,"Image pack, Sitelinks, Reviews, Video, Image, People also ask, Indented, Popular products, Related searches",commercial,Organic
pentair globrite led light,73,73,40,20,0.59,https://thewaterhobby.com/pentair-globrite-problems-top-10-issues-and-complaints/,0,0,0.00,1,85,"[15,19,5,2,4,2,2,2,2,2,2,2]",2023-07-28,"Knowledge panel, Image pack, Sitelinks, Reviews, Image, Video Carousel, People also ask, Related products, Related searches",transactional,Organic
hot tub bromine floater,99,99,90,7,0.54,https://thewaterhobby.com/bromine-tablets-not-dissolving/,0,0,0.00,1,64700,"[64,11,11,64,64,64,64,52,41,52,64,64]",2023-07-21,"Image pack, Reviews, Image, People also ask, Indented, Popular products, Related searches","informational, transactional",Organic
how often to add water to pool,80,80,40,18,0.00,https://thewaterhobby.com/how-often-do-you-add-water-to-your-pool/,0,0,0.00,0,183000000,"[100,100,18,18,18,18,18,18,18,18,18,100]",2023-08-02,"Sitelinks, Reviews, Featured snippet, People also ask, Related searches",informational,Organic
how to adjust polaris pool cleaner,67,67,70,21,0.46,https://thewaterhobby.com/polaris-tail-not-moving-sweeping-model-3900-280-360-380/,0,0,0.00,0.05,78,"[78,78,78,35,35,28,28,50,35,50,78,100]",2023-08-02,"Reviews, Featured snippet, People also ask, Indented, Related searches",informational,Organic
hayward t15 replacement cell,64,64,140,13,3.86,https://thewaterhobby.com/best-t-cell-15-replacement/,0,0,0.00,1,67,"[100,15,12,7,4,3,0,0,3,4,10,19]",2023-07-26,"Image pack, Reviews, Video, Image, Ads top, Shopping ads, People also ask, Indented, Popular products, Related searches","informational, transactional",Organic
intellichlor ic40 reset button,45,45,260,13,1.01,https://thewaterhobby.com/pentair-intellichlor-ic40-not-producing-chlorine/,0,0,0.00,0.88,82,"[81,66,44,29,23,6,9,6,9,15,29,81]",2023-07-29,"Sitelinks, Reviews, Image, Video Carousel, People also ask, Indented, Related searches",informational,Organic
how strong should pool jets be,29,29,30,22,0.00,https://thewaterhobby.com/how-many-return-jets/,0,0,0.00,0.04,17400000,"[100,40,80,40,40,40,40,40,40,40,40,40]",2023-07-27,"Image pack, Sitelinks, Reviews, Featured snippet, People also ask, Indented, Related searches",informational,Organic
stone scapes,100,100,390,23,2.69,https://thewaterhobby.com/stonescapes-mini-pebble-review/,0,0,0.00,0.07,2300000,"[54,54,36,29,19,15,29,29,67,67,44,44]",2023-08-07,"Local pack, Sitelinks, Reviews, Image, People also ask, Indented, Related searches",commercial,Organic
hydrogen peroxide in hot tub,43,43,40,8,0.68,https://thewaterhobby.com/hydrogen-peroxide-to-lower-chlorine-in-hot-tub/,0,0,0.00,1,3700000,"[100,27,27,27,36,36,27,36,27,27,36,45]",2023-07-28,"Image pack, Reviews, People also ask, Indented, Related searches",informational,Organic
best way to chlorinate pool,95,95,40,37,0.40,https://thewaterhobby.com/cheapest-way-to-chlorinate-a-pool/,0,0,0.00,1,22400000,"[78,78,14,14,14,14,14,14,14,14,14,100]",2023-07-26,"Image pack, Sitelinks, Reviews, Featured snippet, Ads bottom, Shopping ads, Video Carousel, People also ask, FAQ, Related searches","commercial, informational",Organic
how to aim pool jets,59,59,30,12,0.00,https://thewaterhobby.com/how-many-return-jets/,0,0,0.00,0.02,4950000,"[15,12,6,6,6,6,6,6,6,6,6,15]",2023-08-01,"Sitelinks, Reviews, Featured snippet, Video Carousel, People also ask, Indented, Related searches",informational,Organic
saltpoolstore reviews,35,35,110,25,1.97,https://thewaterhobby.com/platinum-edition-salt-cell-review/,0,0,0.00,0.53,43,"[100,65,53,26,19,15,11,19,26,26,42,80]",2023-07-27,"Knowledge panel, Reviews, People also ask, Indented, Related searches",commercial,Organic
in ground spa jet placement,4,4,30,6,0.00,https://thewaterhobby.com/in-ground-spa-jet-placement/,0,0,0.00,0.1,43800000,"[34,12,6,6,6,6,6,6,6,6,6,6]",2023-07-14,"Image pack, Sitelinks, Image, Ads bottom, People also ask, Indented, Related searches",informational,Organic
blue granite pebble tec,64,64,50,8,0.62,https://thewaterhobby.com/mini-pebble-vs-pebble-sheen/,0,0,0.00,0.67,74,"[64,64,82,29,41,0,41,0,0,17,11,17]",2023-07-22,"Image pack, Sitelinks, Image, People also ask, Indented, Related searches",informational,Organic
what temperature does a salt cell stop working,95,95,70,12,0.00,https://thewaterhobby.com/pentair-intellichlor-ic40-not-producing-chlorine/,0,0,0.00,0.02,23600000,"[50,50,35,64,64,64,35,35,64,78,50,28]",2023-08-11,"Sitelinks, Reviews, Video, Featured snippet, People also ask, Indented, Related searches",informational,Organic
hayward warranty claim,88,88,170,25,0.90,https://thewaterhobby.com/jandy-vs-hayward/,0,0,0.00,0.02,879000,"[53,53,53,34,34,28,43,34,53,81,100,65]",2023-08-14,"Sitelinks, Reviews, Video, Featured snippet, People also ask, Indented, Related searches","informational, transactional",Organic
how to increase water hardness in pool,68,68,70,34,0.77,https://thewaterhobby.com/cheapest-way-to-increase-calcium-hardness/,0,0,0.00,1,3010000,"[82,29,23,23,17,11,11,17,23,29,82,100]",2023-08-10,"Sitelinks, Reviews, Featured snippet, People also ask, Indented, Related searches",informational,Organic
how long does pebble tec last,99,99,110,14,0.00,https://thewaterhobby.com/mini-pebble-vs-pebble-tec/,0,0,0.00,0.01,9790000,"[65,53,42,34,34,26,19,34,34,34,42,53]",2023-07-26,"Sitelinks, Reviews, Featured snippet, People also ask, Indented, Related searches",informational,Organic
taylor k 2005 vs k 2006,19,19,50,5,0.62,https://thewaterhobby.com/taylor-k-2006-vs-k-2006c/,0,0,0.00,0.95,62,"[64,64,11,11,11,11,11,11,11,11,64,64]",2023-07-20,"Image pack, Sitelinks, Reviews, Featured snippet, Image, Ads bottom, Video Carousel, People also ask, Indented, Related searches",informational,Organic
pool algae that looks like sand,5,5,30,28,0.00,https://thewaterhobby.com/mustard-algae-or-sand-heres-how-to-know/,0,0,0.00,0.01,22700000,"[45,45,27,18,18,18,0,18,18,18,18,18]",2023-07-20,"Sitelinks, Reviews, Featured snippet, Image, People also ask, Indented, Related searches",informational,Organic
taylor technologies k 2006,67,67,20,23,1.40,https://thewaterhobby.com/taylor-k-2006-vs-k-2006c/,0,0,0.00,1,122000000,"[22,22,22,22,22,22,22,22,22,22,22,22]",2023-07-22,"Knowledge panel, Image pack, Reviews, Image, Shopping ads, Video Carousel, People also ask, Indented, Related searches","informational, transactional",Organic
intellichlor ic40 troubleshooting,15,15,30,0,2.02,https://thewaterhobby.com/pentair-intellichlor-ic40-not-producing-chlorine/,0,0,0.00,0.97,86,"[100,57,28,28,28,28,28,28,28,28,71,57]",2023-08-06,"Sitelinks, Image, Video Carousel, People also ask, Indented, Related searches",informational,Organic
bullfrog vs jacuzzi,73,73,40,0,2.01,https://thewaterhobby.com/bullfrog-vs-hot-springs/,0,0,0.00,0.19,99,"[52,52,29,41,23,17,17,17,17,11,5,17]",2023-08-10,"Sitelinks, Reviews, People also ask, Indented, Related searches",commercial,Organic
stonescapes micro pebble,38,38,40,15,0.00,https://thewaterhobby.com/stonescapes-mini-pebble-review/,0,0,0.00,0.33,53,"[15,15,12,9,12,9,9,9,9,15,12,15]",2023-08-04,"Sitelinks, Image, Indented, Related searches",navigational,Organic
hayward t cell15,94,94,110,16,3.73,https://thewaterhobby.com/best-t-cell-15-replacement/,0,0,0.00,1,100,"[43,2,6,4,0,0,0,2,18,18,66,100]",2023-08-14,"Knowledge panel, Reviews, Video, Image, Ads bottom, Shopping ads, People also ask, Indented, Related searches","informational, transactional",Organic
pentair intellichlor not producing chlorine,18,18,20,15,1.90,https://thewaterhobby.com/pentair-intellichlor-ic40-not-producing-chlorine/,0,0,0.00,0.28,44,"[100,66,66,66,66,66,0,66,66,66,66,66]",2023-08-09,"Sitelinks, Reviews, Video Carousel, People also ask, Indented, Related searches",informational,Organic
best thing to put under pool legs,58,58,110,12,0.40,https://thewaterhobby.com/intex-pool-legs-not-straight/,0,0,0.00,1,82300000,"[43,14,4,4,4,4,4,4,14,29,81,81]",2023-08-09,"Image pack, Sitelinks, Reviews, Featured snippet, Image, People also ask, Indented, Related searches","commercial, informational",Organic
sutro smart monitor,73,73,70,20,0.77,https://thewaterhobby.com/sutro-vs-phin/,0,0,0.00,1,83,"[100,64,64,52,29,29,11,11,41,64,29,11]",2023-07-30,"Knowledge panel, Image pack, Sitelinks, Reviews, Image, Ads top, Video Carousel, People also ask, Indented, Popular products, Related searches","informational, transactional",Organic
sutro smart monitor,74,74,70,20,0.77,https://thewaterhobby.com/waterguru-vs-sutro/,0,0,0.00,1,83,"[100,64,64,52,29,29,11,11,41,64,29,11]",2023-07-30,"Knowledge panel, Image pack, Sitelinks, Reviews, Image, Ads top, Video Carousel, People also ask, Indented, Popular products, Related searches","informational, transactional",Organic
generic t15 salt cell,33,33,20,6,3.16,https://thewaterhobby.com/best-t-cell-15-replacement/,0,0,0.00,1,53,"[40,40,40,40,40,40,40,40,40,40,40,40]",2023-07-19,"Image pack, Sitelinks, Reviews, Video, Image, Ads bottom, Shopping ads, Popular products, Related searches",commercial,Organic
diamond bright pool colors,96,96,90,12,1.29,https://thewaterhobby.com/marcite-vs-diamond-brite/,0,0,0.00,0.71,12100000,"[41,64,52,41,29,23,17,29,52,100,52,52]",2023-07-22,"Image pack, Sitelinks, Reviews, Video, Image, People also ask, Indented, Popular products, Related searches",informational,Organic
pentair vs polaris booster pump,13,13,20,14,1.13,https://thewaterhobby.com/polaris-vs-pentair-cleaner/,0,0,0.00,1,87,"[11,11,11,11,11,11,11,11,11,11,11,11]",2023-07-21,"Image pack, Sitelinks, Reviews, Image, Shopping ads, People also ask, Indented",commercial,Organic
intellichlor ic40 no power,19,19,20,0,1.82,https://thewaterhobby.com/pentair-intellichlor-ic40-not-producing-chlorine/,0,0,0.00,0.9,37,"[66,66,66,66,0,0,0,66,66,66,66,66]",2023-08-08,"Image pack, Sitelinks, Reviews, Video Carousel, People also ask, Indented, Related searches",informational,Organic
generic t-cell 5 replacement,67,67,20,0,1.15,https://thewaterhobby.com/generic-t-cell-15-replacements-review/,0,0,0.00,1,32300000,"[22,0,0,22,22,22,22,0,22,22,22,22]",2023-07-19,"Image pack, Sitelinks, Reviews, Image, Ads bottom, People also ask, Indented, Related searches",transactional,Organic
tf-100,90,90,140,21,0.42,https://thewaterhobby.com/tf-100-vs-k-2006/,0,0,0.00,0.61,440000000,"[81,22,10,18,22,0,35,0,35,0,66,54]",2023-08-14,"Knowledge panel, Sitelinks, Image, People also ask, Indented, Related searches",informational,Organic
t-cell 15 salt cell replacement,73,73,20,7,3.89,https://thewaterhobby.com/best-t-cell-15-replacement/,0,0,0.00,1,40300000,"[6,6,6,6,6,6,6,6,6,6,12,6]",2023-07-21,"Image pack, Reviews, Image, Ads top, Ads bottom, Shopping ads, Video Carousel, People also ask, Indented, Popular products, Related searches",transactional,Organic
pentair screenlogic remote setup,41,41,30,41,0.00,https://thewaterhobby.com/pentair-screenlogic-will-not-connect-locally-remotely/,0,0,0.00,0.21,66,"[7,7,7,7,7,15,11,11,11,11,11,11]",2023-08-12,"Sitelinks, Reviews, Video, People also ask, Indented, Related searches",informational,Organic
stonescapes tropics blue,15,15,140,15,0.00,https://thewaterhobby.com/tropics-blue-vs-midnight-blue/,0,0,0.00,0.22,24,"[65,53,53,53,42,53,34,42,65,65,65,65]",2023-07-30,"Image pack, Sitelinks, Image, Video Carousel, People also ask, Indented, Related searches",informational,Organic
hot tub won't heat up past 80 degrees,13,13,50,11,0.00,https://thewaterhobby.com/hot-tub-wont-heat/,0,0,0.00,0.03,21500000,"[9,9,6,12,15,15,21,34,21,15,6,9]",2023-07-24,"Reviews, Featured snippet, Video Carousel, People also ask, FAQ, Indented, Related searches",informational,Organic
waterguru sense 2,60,60,110,29,7.36,https://thewaterhobby.com/waterguru-vs-sutro/,0,0,0.00,1,59,"[4,100]",2023-07-20,"Knowledge panel, Sitelinks, Reviews, Image, Ads top, People also ask, Related searches","informational, transactional",Organic
most popular stonescapes mini pebble color,16,16,40,21,0.00,https://thewaterhobby.com/stonescapes-mini-pebble-review/,0,0,0.00,0.12,29,"[64,52,29,23,29,11,11,11,11,11,11,11]",2023-07-29,"Image pack, Sitelinks, Image, People also ask, Indented, Related searches",informational,Organic
intellichlor salt level,83,83,110,13,1.27,https://thewaterhobby.com/pentair-intellichlor-ic40-not-producing-chlorine/,0,0,0.00,0.52,95,"[65,53,34,26,15,15,19,11,26,80,100,65]",2023-08-11,"Image pack, Reviews, Featured snippet, Image, Video Carousel, People also ask, Indented, Related searches",informational,Organic
return jet for above ground pool,87,87,40,13,0.41,https://thewaterhobby.com/how-many-return-jets/,0,0,0.00,1,10300000,"[12,2,2,2,2,2,2,2,2,2,12,12]",2023-08-08,"Image pack, Reviews, Video, Image, Ads bottom, Shopping ads, People also ask, Indented, Popular products, Related searches",commercial,Organic
jets in pools,94,94,30,22,0.00,https://thewaterhobby.com/how-many-return-jets/,0,0,0.00,0.95,8370000,"[100,18,18,18,18,18,18,18,18,18,18,18]",2023-08-02,"Reviews, Featured snippet, Video Carousel, People also ask, Indented, Related searches",informational,Organic
dimond brite,88,88,70,14,1.84,https://thewaterhobby.com/marcite-vs-diamond-brite/,0,0,0.00,1,7470000,"[35,50,35,64,28,14,14,7,64,78,64,100]",2023-08-09,"Image pack, Sitelinks, Reviews, Image, People also ask, Popular products","informational, transactional",Organic
k-2006,85,85,50,38,0.49,https://thewaterhobby.com/taylor-k-2006-vs-k-2006c/,0,0,0.00,1,2340000000,"[100,80,0,0,19,19,0,9,14,4,0,52]",2023-07-31,"Knowledge panel, Image pack, Sitelinks, Reviews, Image, People also ask, Indented, Related searches","informational, transactional",Organic
midnight blue quartz pool finish,73,73,30,4,0.00,https://thewaterhobby.com/tropics-blue-vs-midnight-blue/,0,0,0.00,1,1500000,"[11,11,11,11,11,11,11,11,11,64,11,11]",2023-08-14,"Image pack, Reviews, Image, Video Carousel, People also ask, Indented, Popular products, Related searches",informational,Organic
pollen or algae in pool,49,49,30,19,0.00,https://thewaterhobby.com/mustard-algae-or-pollen/,0,0,0.00,0.04,3020000,"[22,6,4,4,4,4,0,4,4,4,4,10]",2023-07-24,"Image pack, Sitelinks, Featured snippet, People also ask, Related searches",informational,Organic
aqua leader,91,91,90,13,1.42,https://thewaterhobby.com/aqua-leader-pool-reviews/,0,0,0.00,1,25800000,"[66,42,33,14,14,9,19,23,33,52,80,100]",2023-08-12,"Image pack, Sitelinks, Reviews, Video, Image, Related searches",navigational,Organic
generic salt cell,63,51,20,7,1.89,https://thewaterhobby.com/generic-t-cell-15-replacements-review/,0,0,0.00,1,87,"[11,7,7,7,7,7,7,7,7,7,7,7]",2023-08-15,"Sitelinks, Reviews, Video, Image, Ads bottom, Shopping ads, People also ask, Popular products, Related searches",commercial,Organic
taylor test kit k-2006,82,82,90,21,0.43,https://thewaterhobby.com/taylor-k-2006-vs-k-2006c/,0,0,0.00,1,98,"[80,80,0,33,0,19,23,0,42,52,100,80]",2023-08-06,"Knowledge panel, Reviews, Image, People also ask, Indented, Related searches","informational, transactional",Organic
diamond brite pool finishes,95,95,90,11,1.74,https://thewaterhobby.com/marcite-vs-diamond-brite/,0,0,0.00,1,221000,"[53,53,42,42,34,34,26,26,7,34,53,42]",2023-08-03,"Image pack, Reviews, Video, Image, People also ask, Indented, Popular products, Related searches","commercial, informational",Organic
ic40 troubleshooting,16,16,20,3,1.20,https://thewaterhobby.com/pentair-intellichlor-ic40-not-producing-chlorine/,0,0,0.00,0.14,36,"[66,66,66,66,66,0,0,66,66,66,66,66]",2023-08-10,"Sitelinks, Image, Video Carousel, People also ask, Indented, Related searches",informational,Organic
blue granite pebble sheen,59,59,390,4,0.19,https://thewaterhobby.com/mini-pebble-vs-pebble-sheen/,0,0,0.00,0.62,70,"[55,55,16,13,16,13,16,24,30,30,36,30]",2023-08-09,"Image pack, Sitelinks, Image, People also ask, Indented, Related searches",informational,Organic
aqualeader pools,69,69,40,11,1.36,https://thewaterhobby.com/aqua-leader-pool-reviews/,0,0,0.00,1,81,"[35,35,14,7,0,0,14,35,50,50,50,64]",2023-08-13,"Sitelinks, Reviews, Video, Image, Indented, Related searches",navigational,Organic
which way should pool jets face,29,29,40,11,0.00,https://thewaterhobby.com/how-many-return-jets/,0,0,0.00,0,17200000,"[52,33,9,9,9,9,9,9,9,9,19,52]",2023-07-25,"Sitelinks, Reviews, Featured snippet, People also ask, Indented",informational,Organic
aqua genie pool skimmer,71,71,20,9,0.89,https://thewaterhobby.com/aqua-genie-skimmer-problems/,0,0,0.00,1,74,"[22,22,22,22,22,22,22,22,22,22,22,22]",2023-08-07,"Image pack, Sitelinks, Reviews, Image, Video Carousel, People also ask, Indented, Popular products, Related searches","informational, transactional",Organic
how to increase total hardness in pool,42,42,90,35,0.64,https://thewaterhobby.com/cheapest-way-to-increase-calcium-hardness/,0,0,0.00,1,3960000,"[65,34,6,6,6,6,6,6,6,21,53,100]",2023-08-09,"Sitelinks, Reviews, Featured snippet, People also ask, Related searches",informational,Organic
sutro pool monitoring system,57,57,20,18,3.01,https://thewaterhobby.com/sutro-vs-phin/,0,0,0.00,1,68,"[100,100,100,100,100,100,100,100,100,100,100,100]",2023-08-14,"Knowledge panel, Image pack, Sitelinks, Reviews, Image, Ads bottom, Video Carousel, People also ask, Indented, Popular products, Related searches","informational, transactional",Organic
sutro water monitoring system for pool & spa,63,63,20,36,2.91,https://thewaterhobby.com/best-hot-tub-water-monitoring-system/,0,0,0.00,1,65,"[0,0,18,18,18,18,18,18,18,18,18,100]",2023-08-07,"Knowledge panel, Image pack, Sitelinks, Reviews, Image, Ads bottom, Shopping ads, People also ask, Indented, Popular products, Related searches","informational, transactional",Organic
sutro water monitoring system for pool & spa,64,64,20,36,2.91,https://thewaterhobby.com/waterguru-vs-sutro/,0,0,0.00,1,65,"[0,0,18,18,18,18,18,18,18,18,18,100]",2023-08-07,"Knowledge panel, Image pack, Sitelinks, Reviews, Image, Ads bottom, Shopping ads, People also ask, Indented, Popular products, Related searches","informational, transactional",Organic
tahoe blue stonescapes,35,35,70,15,0.00,https://thewaterhobby.com/tropics-blue-vs-tahoe-blue/,0,0,0.00,0.08,40,"[78,50,50,28,35,28,35,28,28,50,50,64]",2023-07-28,"Image pack, Sitelinks, Image, People also ask, Indented, Related searches",informational,Organic
hot tub doesn't heat up,65,65,30,38,0.00,https://thewaterhobby.com/hot-tub-wont-heat/,0,0,0.00,0.09,41800000,"[23,100,11,11,11,11,11,11,11,11,11,11]",2023-08-09,"Image pack, Sitelinks, Featured snippet, Video Carousel, People also ask, FAQ, Indented, Related searches",informational,Organic
stonescape pool,60,60,40,25,3.45,https://thewaterhobby.com/stonescapes-mini-pebble-review/,0,0,0.00,0.24,87,"[36,27,27,18,18,18,18,18,18,18,100,100]",2023-08-02,"Image pack, Reviews, Image, People also ask, Indented, Related searches",informational,Organic
polaris won't move,27,27,40,8,0.00,https://thewaterhobby.com/polaris-380-wheels-not-turning/,0,0,0.00,0,24400000,"[100,22,77,22,44,77,22,77,22,22,22,22]",2023-07-23,"Image pack, Sitelinks, Reviews, Video Carousel, People also ask, Indented, Related searches",informational,Organic
jandy vs hayward pool pumps,2,2,20,0,1.17,https://thewaterhobby.com/jandy-vs-hayward/,0,0,0.00,1,483000,"[40,40,40,40,40,40,40,40,40,40,40,40]",2023-07-21,"Image pack, Sitelinks, Reviews, Image, Ads bottom, Video Carousel, People also ask, Indented, Related searches",commercial,Organic
sutro test cartridge,69,69,20,5,3.61,https://thewaterhobby.com/waterguru-vs-sutro/,0,0,0.00,1,75,"[28,28,28,28,28,28,28,28,28,28,28,28]",2023-07-27,"Image pack, Sitelinks, Reviews, Image, Ads bottom, Video Carousel, People also ask, Indented, Related searches",informational,Organic
proper swimming pool return jets position,35,35,50,13,0.00,https://thewaterhobby.com/how-many-return-jets/,0,0,0.00,0.03,3530000,"[14,9,9,9,9,9,9,9,9,23,80,66]",2023-08-12,"Sitelinks, Reviews, Featured snippet, Image, Video Carousel, People also ask, Indented, Related searches",informational,Organic
how to lower chlorine level in hot tub,91,91,140,27,0.00,https://thewaterhobby.com/how-to-lower-chlorine-in-hot-tub-naturally/,0,0,0.00,0.02,9430000,"[82,64,82,82,82,64,82,82,64,82,82,82]",2023-08-13,"Video, Featured snippet, People also ask, FAQ, Related searches",informational,Organic
old hot spring spa models,98,98,110,28,1.79,https://thewaterhobby.com/bullfrog-vs-hot-springs/,0,0,0.00,1,38900000,"[100,100,100,2,10,0,0,23,5,10,10,10]",2023-07-23,"Image pack, Sitelinks, Reviews, Image, People also ask, Indented, Related searches",informational,Organic
sutro pool monitor,79,79,480,36,1.20,https://thewaterhobby.com/sutro-vs-phin/,0,0,0.00,1,84,"[48,32,48,17,17,17,14,32,59,88,100,100]",2023-08-05,"Knowledge panel, Image pack, Sitelinks, Reviews, Image, Ads top, People also ask, Indented, Popular products, Related searches","informational, transactional",Organic
screen logic app,67,60,110,40,0.00,https://thewaterhobby.com/pentair-screenlogic-will-not-connect-locally-remotely/,0,0,0.00,0.02,82,"[15,19,15,11,15,19,34,42,42,65,100,80]",2023-08-16,"Reviews, Video, People also ask, Indented, Related searches","informational, transactional",Organic
pool phosphate reducer,83,83,50,21,0.64,https://thewaterhobby.com/best-phosphate-remover/,0,0,0.00,1,381000,"[100,0,43,0,0,9,0,0,0,0,28,6]",2023-07-27,"Reviews, Video, Image, Shopping ads, People also ask, Popular products, Related searches",commercial,Organic
ecosmarte pool,63,63,20,5,1.43,https://thewaterhobby.com/ecosmarte-review/,0,0,0.00,0.8,64,"[11,11,11,11,11,11,11,11,11,11,11,11]",2023-08-01,"Knowledge panel, Image pack, Sitelinks, Reviews, Image, People also ask, FAQ, Indented, Related searches","navigational, transactional",Organic
pebble tec pool vs plaster,57,57,20,16,0.98,https://thewaterhobby.com/mini-pebble-vs-pebble-tec/,0,0,0.00,0.1,82,"[5,5,5,5,5,5,5,5,5,5,5,5]",2023-07-27,"Reviews, People also ask, Indented, Related searches",commercial,Organic
what does yellow algae look like in a pool,65,65,110,19,0.00,https://thewaterhobby.com/what-does-mustard-algae-look-like/,0,0,0.00,0.02,19800000,"[100,43,10,6,4,4,4,4,8,18,29,43]",2023-08-05,"Featured snippet, Image, People also ask, Indented, Related searches",informational,Organic
will baking soda lower chlorine level in pool,90,0,480,23,0.00,https://thewaterhobby.com/will-baking-soda-lower-chlorine-level-in-pool/,0,0,0.00,0,668000,"[84,52,25,7,5,4,5,5,7,8,31,52]",2023-08-15,"Sitelinks, Featured snippet, Video Carousel, People also ask, Indented, Related searches",informational,Organic
mini pebbles,62,62,110,4,0.00,https://thewaterhobby.com/stonescapes-mini-pebble-review/,0,0,0.00,1,15200000,"[52,52,66,66,52,42,42,42,66,52,66,52]",2023-07-31,"Image pack, Reviews, Video, Image, People also ask, Indented, Popular products, Related searches",commercial,Organic
sun shelf umbrella sleeve,41,41,30,23,0.30,https://thewaterhobby.com/pool-umbrella-sleeve-too-big-or-small/,0,0,0.00,1,76,"[52,52,9,9,9,9,9,9,9,9,9,9]",2023-07-26,"Image pack, Sitelinks, Reviews, Image, Ads bottom, Shopping ads, Indented, Popular products, Related searches","informational, transactional",Organic
endless pools review,8,8,30,29,2.22,https://thewaterhobby.com/endless-pool-complaints/,0,0,0.00,0.38,7090000,"[42,71,42,57,28,14,0,42,28,42,28,100]",2023-08-08,"Image pack, Sitelinks, Reviews, Image, Ads bottom, Video Carousel, People also ask, FAQ, Related searches",commercial,Organic
how to raise pool hardness,54,54,170,36,0.77,https://thewaterhobby.com/cheapest-way-to-increase-calcium-hardness/,0,0,0.00,0.99,1350000,"[81,36,19,9,5,2,5,6,6,19,44,66]",2023-08-08,"Image pack, Sitelinks, Reviews, Featured snippet, People also ask, Indented, Related searches",informational,Organic
how to increase calcium hardness in pool,71,71,210,36,0.64,https://thewaterhobby.com/cheapest-way-to-increase-calcium-hardness/,0,0,0.00,1,5550000,"[81,66,44,23,15,6,5,6,5,15,29,81]",2023-07-25,"Image pack, Reviews, Featured snippet, People also ask, Related searches",informational,Organic
swimming pool return jets,38,38,40,10,0.42,https://thewaterhobby.com/how-many-return-jets/,0,0,0.00,1,21400000,"[64,64,11,11,11,11,11,11,11,11,11,64]",2023-07-20,"Image pack, Sitelinks, Reviews, Video, Image, People also ask, Popular products, Related searches",commercial,Organic
bullfrog a7l price,68,68,50,9,1.28,https://thewaterhobby.com/bullfrog-vs-hot-springs/,0,0,0.00,0.91,70,"[45,63,45,63,63,45,27,18,36,45,100,36]",2023-07-22,"Sitelinks, Reviews, Featured snippet, Image, Ads bottom, People also ask, Indented, Related searches",transactional,Organic
sutro smart monitor reviews,46,46,20,21,3.46,https://thewaterhobby.com/waterguru-vs-sutro/,0,0,0.00,0.61,54,"[28,28,28,28,28,28,28,28,28,28,28,28]",2023-08-08,"Reviews, People also ask, Related searches",commercial,Organic
pentair pool heater vs hayward,88,88,20,0,1.94,https://thewaterhobby.com/jandy-vs-hayward/,0,0,0.00,0.88,780000,"[28,28,28,28,28,28,28,28,28,28,28,28]",2023-08-10,"Image pack, Sitelinks, Reviews, Image, Ads bottom, Video Carousel, People also ask, Indented, Related searches","commercial, informational",Organic
which is better pentair or hayward,85,85,20,7,1.06,https://thewaterhobby.com/jandy-vs-hayward/,0,0,0.00,0.59,4180000,"[28,28,28,28,28,28,28,28,28,28,28,28]",2023-08-10,"Sitelinks, Reviews, Video Carousel, People also ask, Indented, Related searches",commercial,Organic
sutro pool tester,74,74,20,29,2.39,https://thewaterhobby.com/waterguru-vs-sutro/,0,0,0.00,1,86,"[18,18,18,18,18,18,18,18,18,18,18,18]",2023-08-06,"Sitelinks, Reviews, Image, People also ask, Indented, Popular products, Related searches","informational, transactional",Organic
sutro pool tester,75,75,20,29,2.39,https://thewaterhobby.com/sutro-vs-phin/,0,0,0.00,1,86,"[18,18,18,18,18,18,18,18,18,18,18,18]",2023-08-06,"Sitelinks, Reviews, Image, People also ask, Indented, Popular products, Related searches","informational, transactional",Organic
sutro pool monitor cost,47,47,30,24,0.00,https://thewaterhobby.com/sutro-vs-phin/,0,0,0.00,0,60,"[100,14,14,14,14,14,14,14,14,14,14,14]",2023-07-30,"Knowledge panel, Image pack, Reviews, Image, Video Carousel, People also ask, Indented, Popular products, Related searches","informational, transactional",Organic
generic t-cell 15 replacement reviews,16,16,90,0,2.26,https://thewaterhobby.com/best-t-cell-15-replacement/,0,0,0.00,1,88,"[65,53,28,12,6,6,9,12,21,34,43,34]",2023-08-06,"Sitelinks, Reviews, Image, Ads bottom, Shopping ads, Popular products, Related searches",commercial,Organic
pentair intellichlor diagnostic,24,24,20,1,1.54,https://thewaterhobby.com/pentair-intellichlor-ic40-not-producing-chlorine/,0,0,0.00,0.9,33,"[100,100,100,100,0,100,100,100,100,100,100,100]",2023-08-10,"Sitelinks, Image, Video Carousel, People also ask, Indented, Related searches",informational,Organic
best bullfrog hot tub,97,97,20,25,1.01,https://thewaterhobby.com/bullfrog-vs-hot-springs/,0,0,0.00,0.27,846000,"[66,66,66,66,66,66,66,66,66,66,66,66]",2023-08-10,"Image pack, Sitelinks, Reviews, Image, Video Carousel, People also ask, Indented, Popular products, Related searches",commercial,Organic
aquarite t cell 15 replacement,73,73,20,5,2.47,https://thewaterhobby.com/best-t-cell-15-replacement/,0,0,0.00,1,84,"[14,14,14,0,14,14,14,14,14,14,14,14]",2023-08-15,"Image pack, Reviews, Video, Image, Ads top, Ads bottom, Shopping ads, People also ask, Indented, Popular products, Related searches",commercial,Organic
caldera spa control panel not working,33,33,30,25,0.00,https://thewaterhobby.com/caldera-spa-4-dashes-on-display/,0,0,0.00,0.09,45,"[21,14,21,21,21,28,28,14,14,14,14,14]",2023-07-29,"Image pack, Reviews, Image, Video Carousel, People also ask, Indented, Related searches",informational,Organic
tahoe blue pool plaster colors,78,78,90,14,0.00,https://thewaterhobby.com/tropics-blue-vs-tahoe-blue/,0,0,0.00,0.99,98,"[52,52,42,33,33,19,14,23,33,33,42,52]",2023-07-24,"Image pack, Reviews, Image, Video Carousel, People also ask, Indented, Popular products, Related searches",informational,Organic
thermospa heater replacement,70,70,20,7,3.92,https://thewaterhobby.com/hot-tub-wont-heat/,0,0,0.00,1,71,"[18,18,18,18,18,18,18,18,18,18,18,18]",2023-08-05,"Image pack, Sitelinks, Reviews, Video, Image, Ads bottom, Indented, Related searches",commercial,Organic
pentair vs hayward salt system,69,69,20,0,1.08,https://thewaterhobby.com/jandy-vs-hayward/,0,0,0.00,1,96,"[66,66,66,66,66,0,66,66,0,66,66,66]",2023-08-10,"Image pack, Sitelinks, Reviews, Image, Ads bottom, People also ask, Indented, Related searches",commercial,Organic
intellichlor ic40 cell light off,30,30,20,6,0.92,https://thewaterhobby.com/pentair-intellichlor-ic40-not-producing-chlorine/,0,0,0.00,1,36,"[9,9,9,9,9,0,9,9,9,9,9,9]",2023-08-09,"Image pack, Sitelinks, Image, Video Carousel, People also ask, Indented, Related searches",informational,Organic
pentair intellichlor salt level,60,60,50,15,1.33,https://thewaterhobby.com/pentair-intellichlor-ic40-not-producing-chlorine/,0,0,0.00,0.87,96,"[78,50,50,28,14,14,14,14,14,14,50,50]",2023-07-27,"Image pack, Reviews, Image, Video Carousel, People also ask, Indented, Related searches",informational,Organic
pool return jets,83,83,590,15,0.42,https://thewaterhobby.com/how-many-return-jets/,0,0,0.00,1,8560000,"[68,37,31,20,13,8,8,11,16,31,84,52]",2023-08-05,"Sitelinks, Reviews, Image, Video Carousel, People also ask, Popular products, Related searches",commercial,Organic
pool mini pebble,47,47,30,26,0.00,https://thewaterhobby.com/stonescapes-mini-pebble-review/,0,0,0.00,0.66,94,"[18,100,27,18,9,18,18,18,18,18,18,100]",2023-07-21,"Image pack, Reviews, Image, People also ask, Indented, Related searches",informational,Organic
pentair chlorine generator troubleshooting,33,33,20,21,1.48,https://thewaterhobby.com/pentair-intellichlor-ic40-not-producing-chlorine/,0,0,0.00,0.32,46,"[66,66,66,66,66,0,66,0,66,66,66,66]",2023-08-10,"Video Carousel, People also ask, Indented, Related searches",informational,Organic
jacuzzi vs hayward pool pump,82,82,20,24,1.02,https://thewaterhobby.com/jandy-vs-hayward/,0,0,0.00,0.99,94,"[22,33,22,22,22,22,22,22,22,22,22,33]",2023-07-22,"Image pack, Sitelinks, Reviews, Image, People also ask, Indented, Related searches","commercial, informational",Organic
salt pool store complaints,78,78,30,22,1.35,https://thewaterhobby.com/platinum-edition-salt-cell-review/,0,0,0.00,0.29,3950000,"[100,80,40,60,40,40,40,40,40,100,80,60]",2023-08-05,"Reviews, Indented, Related searches",transactional,Organic
pentair vs hayward sand filter,92,92,20,11,1.22,https://thewaterhobby.com/jandy-vs-hayward/,0,0,0.00,1,970000,"[7,7,7,7,7,7,7,7,7,7,7,7]",2023-07-22,"Image pack, Sitelinks, Reviews, Image, People also ask, Related searches",commercial,Organic
t-15 cell replacement,84,84,40,8,3.89,https://thewaterhobby.com/best-t-cell-15-replacement/,0,0,0.00,1,276000000,"[26,15,15,3,3,0,0,0,0,0,0,100]",2023-07-22,"Image pack, Reviews, Image, Shopping ads, Video Carousel, People also ask, Indented, Popular products, Related searches","informational, transactional",Organic
pentair cleaners,100,100,20,25,1.07,https://thewaterhobby.com/polaris-vs-pentair-cleaner/,0,0,0.00,1,1570000,"[100,75,25,25,50,25,0,0,75,50,75,75]",2023-08-10,"Sitelinks, Reviews, Video, Image, People also ask, Indented, Popular products, Related searches",transactional,Organic
hayward vs pentair pool equipment,97,97,20,8,2.44,https://thewaterhobby.com/jandy-vs-hayward/,0,0,0.00,0.71,1810000,"[66,66,66,66,66,66,66,66,66,66,66,66]",2023-07-22,"Image pack, Sitelinks, Reviews, Image, People also ask, Indented, Related searches",commercial,Organic
white diamonds pebble sheen,90,90,90,1,0.09,https://thewaterhobby.com/mini-pebble-vs-pebble-sheen/,0,0,0.00,0.58,93,"[26,34,34,26,34,34,26,19,53,53,53,42]",2023-08-12,"Image pack, Sitelinks, Video, Image, Video Carousel, People also ask, Indented, Related searches",informational,Organic
pentair intellichlor reset,46,46,20,7,1.70,https://thewaterhobby.com/pentair-intellichlor-ic40-not-producing-chlorine/,0,0,0.00,0.1,61,"[100,66,66,66,66,66,66,0,66,66,66,66]",2023-08-10,"Image pack, Reviews, Video Carousel, People also ask, Indented, Related searches",informational,Organic
blue surf pebble tec,42,42,30,14,0.00,https://thewaterhobby.com/mini-pebble-vs-pebble-sheen/,0,0,0.00,0.33,51,"[78,14,14,14,14,14,14,14,14,14,14,21]",2023-07-28,"Image pack, Sitelinks, Image, Video Carousel, People also ask, Indented, Related searches",informational,Organic
pictures of mustard algae in pool,31,31,170,9,0.00,https://thewaterhobby.com/mustard-algae-or-sand-heres-how-to-know/,0,0,0.00,0.01,452000,"[100,54,15,3,3,3,3,3,6,15,66,100]",2023-08-08,"Image pack, Sitelinks, Reviews, Image, People also ask, Indented, Related searches",informational,Organic
pictures of mustard algae in pool,32,32,170,9,0.00,https://thewaterhobby.com/what-does-mustard-algae-look-like/,0,0,0.00,0.01,452000,"[100,54,15,3,3,3,3,3,6,15,66,100]",2023-08-08,"Image pack, Sitelinks, Reviews, Image, People also ask, Indented, Related searches",informational,Organic
jacuzzi has 4 dashes on display,49,49,30,1,0.00,https://thewaterhobby.com/,0,0,0.00,0.01,69,"[7,7,7,11,15,11,11,11,7,7,7,7]",2023-08-01,"Image pack, Sitelinks, Video Carousel, People also ask, Indented, Related searches",informational,Organic
the truth about salt water pools,84,84,260,36,0.13,https://thewaterhobby.com/are-salt-water-pools-warmer/,0,0,0.00,0.07,96,"[81,54,35,28,18,8,23,35,54,44,54,100]",2023-08-12,"Sitelinks, Video, Featured snippet, People also ask, Related searches",informational,Organic
midnight blue pebble pool finish,37,37,30,0,0.00,https://thewaterhobby.com/tropics-blue-vs-midnight-blue/,0,0,0.00,0.99,647000,"[9,9,9,9,9,9,9,9,19,52,9,9]",2023-08-11,"Image pack, Reviews, Video, Image, Indented, Popular products, Related searches",informational,Organic
hydrogen peroxide for hot tub,52,52,40,11,0.68,https://thewaterhobby.com/hydrogen-peroxide-to-lower-chlorine-in-hot-tub/,0,0,0.00,1,820000,"[42,42,42,57,57,42,57,42,42,57,71,100]",2023-08-07,"Image pack, Reviews, Featured snippet, Image, People also ask, Indented",informational,Organic
turbo cell 15 replacement,93,93,20,9,3.41,https://thewaterhobby.com/best-t-cell-15-replacement/,0,0,0.00,1,265000000,"[0,9,9,9,9,9,9,9,9,9,9,9]",2023-08-14,"Reviews, Video, Image, Shopping ads, People also ask, Indented, Popular products, Related searches","informational, transactional",Organic
sense waterguru,59,59,20,41,4.71,https://thewaterhobby.com/waterguru-vs-sutro/,0,0,0.00,1,62,"[100,50,0,0,0,0,14,14,14,0,0,0]",2023-07-18,"Knowledge panel, Sitelinks, Reviews, Image, Ads top, Video Carousel, People also ask, Indented, Related searches","informational, transactional",Organic
tahoe blue quartz pool finish,82,82,70,0,0.00,https://thewaterhobby.com/tropics-blue-vs-tahoe-blue/,0,0,0.00,1,93,"[34,26,19,15,11,11,26,11,42,42,42,42]",2023-08-13,"Image pack, Reviews, Video, Image, Video Carousel, People also ask, Indented, Related searches",informational,Organic
